name,email,company,jobTitle,phone,companyDescription,partnershipType,website,offerings,interestedInSpeaking,status,appliedAt,approvedAt,country
Rapti Gupta,rapti@hsrfoundersclub.com,HSR Founders Club,Community Manager,+91-80-4719-7005,"Indian community platform connecting founders, entrepreneurs, and startup enthusiasts in HSR Layout and Bangalore for networking, mentorship, and collaboration.",community,https://hsrfoundersclub.com,"Founder Networking,Startup Community,Mentorship,Entrepreneurship Events",true,active,2025-01-01T06:30:00Z,2025-01-02T10:30:00Z,India
John Doe,john.doe@goniyo.com,Niyo,Partnership Manager,+91-80-4719-7004,"Indian fintech company providing zero forex cards for global needs with seamless international transactions and travel solutions.",technology,https://goniyo.com,"Zero Forex Cards,International Transactions,Travel Solutions,Fintech",true,active,2025-01-01T06:45:00Z,2025-01-02T10:45:00Z,India
Sri,sri@factors.ai,Factors.ai,Partnership Manager,+91-80-4719-7003,"Indian AI-powered demand generation platform for B2B teams providing advanced analytics and marketing automation solutions.",technology,https://factors.ai,"AI-Powered Demand Generation,B2B Marketing,Marketing Analytics,Lead Generation",true,active,2025-01-01T07:00:00Z,2025-01-02T11:00:00Z,India
John Doe,john.doe@chosenly.com,Chosenly,Partnership Manager,+91-80-4719-7002,"Indian technology platform providing innovative solutions for business growth and digital transformation.",technology,https://chosenly.com,"Business Solutions,Digital Transformation,Technology Platform,Growth Solutions",true,active,2025-01-01T07:15:00Z,2025-01-02T11:15:00Z,India
Siddharth Sharma,sid@yellowkyte.com,Yellow Kyte,Partnership Manager,+91-80-4719-7001,"Indian full-stack SaaS marketing agency providing comprehensive digital marketing solutions for SaaS companies.",technology,https://yellowkyte.com,"SaaS Marketing,Digital Marketing,Growth Strategy,Marketing Automation",true,active,2025-01-01T07:30:00Z,2025-01-02T11:30:00Z,India
Yash Chavan,yash@getsaral.com,Saral,Partnership Manager,+91-80-4719-7000,"Indian influencer marketing OS platform helping brands connect with creators and manage influencer campaigns effectively.",technology,https://getsaral.com,"Influencer Marketing,Creator Management,Campaign Management,Marketing OS",true,active,2025-01-01T07:45:00Z,2025-01-02T11:45:00Z,India
John Doe,john.doe@zoho.com,Zoho,Partnership Manager,+91-44-6741-9999,"Indian multinational technology company providing comprehensive business software suite including CRM, email marketing, and productivity tools.",technology,https://zoho.com,"CRM,Email Marketing,Business Automation,Productivity Suite",true,active,2025-01-01T08:00:00Z,2025-01-02T12:00:00Z,India
John Doe,john.doe@freshworks.com,Freshworks,Partnership Manager,+91-44-6741-1000,"Indian SaaS company providing customer experience software including CRM, helpdesk, and marketing automation solutions.",technology,https://freshworks.com,"CRM,Customer Support,Marketing Automation,Sales Automation",true,active,2025-01-01T08:15:00Z,2025-01-02T12:15:00Z,India
John Doe,john.doe@razorpay.com,Razorpay,Partnership Manager,+91-80-6190-6000,"Indian fintech company providing comprehensive payment solutions for businesses including payment gateway, banking, and lending services.",technology,https://razorpay.com,"Payment Gateway,Digital Banking,Business Banking,Lending",true,active,2025-01-01T08:30:00Z,2025-01-02T12:30:00Z,India
John Doe,john.doe@chargebee.com,Chargebee,Partnership Manager,+91-44-4208-0004,"Indian SaaS platform for effective revenue growth management helping businesses optimize subscription billing and revenue operations.",technology,https://chargebee.com,"Revenue Growth Management,Subscription Management,Recurring Billing,SaaS Platform",true,active,2025-01-01T08:45:00Z,2025-01-02T12:45:00Z,India
John Doe,john.doe@postman.com,Postman,Partnership Manager,+91-80-4718-4000,"Indian API development platform used by millions of developers worldwide for building, testing, and managing APIs.",technology,https://postman.com,"API Development,API Testing,API Management,Developer Tools",true,active,2025-01-01T09:00:00Z,2025-01-02T13:00:00Z,India
John Doe,john.doe@clevertap.com,CleverTap,Partnership Manager,+91-22-6280-5000,"Indian customer engagement and analytics platform for mobile and web applications with advanced segmentation and personalization.",technology,https://clevertap.com,"Customer Engagement,Mobile Analytics,Push Notifications,Personalization",true,active,2025-01-01T09:15:00Z,2025-01-02T13:15:00Z,India
John Doe,john.doe@webengage.com,WebEngage,Partnership Manager,+91-22-6742-8000,"Indian customer engagement platform that helps businesses retain users through personalized messaging and analytics.",technology,https://webengage.com,"Customer Engagement,Push Notifications,Email Marketing,Analytics",true,active,2025-01-01T09:30:00Z,2025-01-02T13:30:00Z,India
John Doe,john.doe@haptik.ai,Haptik,Partnership Manager,+91-22-6742-9000,"Indian conversational AI platform providing chatbot and virtual assistant solutions for customer support and engagement.",technology,https://haptik.ai,"Conversational AI,Chatbots,Virtual Assistants,Customer Support",true,active,2025-01-01T09:45:00Z,2025-01-02T13:45:00Z,India
John Doe,john.doe@exotel.com,Exotel,Partnership Manager,+91-80-4040-1000,"Indian cloud telephony platform providing voice and SMS solutions for customer communication and support.",technology,https://exotel.com,"Cloud Telephony,Voice Solutions,SMS Platform,Customer Communication",true,active,2025-01-01T10:00:00Z,2025-01-02T14:00:00Z,India
John Doe,john.doe@policybazaar.com,PolicyBazaar,Partnership Manager,+91-124-4003000,"Indian online insurance aggregator platform helping customers compare and purchase insurance policies.",technology,https://policybazaar.com,"Insurance Technology,Policy Comparison,Insurance Aggregation,Financial Services",true,active,2025-01-01T10:45:00Z,2025-01-02T14:45:00Z,India
John Doe,john.doe@paytm.com,Paytm,Partnership Manager,+91-120-4770770,"Indian digital payments and financial services company providing wallet, UPI, and banking solutions.",technology,https://paytm.com,"Digital Payments,Mobile Wallet,UPI,Digital Banking",true,active,2025-01-01T11:00:00Z,2025-01-02T15:00:00Z,India
John Doe,john.doe@phonepe.com,PhonePe,Partnership Manager,+91-80-4719-4000,"Indian digital payments platform providing UPI, wallet, and financial services solutions.",technology,https://phonepe.com,"Digital Payments,UPI,Mobile Wallet,Financial Services",true,active,2025-01-01T11:15:00Z,2025-01-02T15:15:00Z,India
John Doe,john.doe@nykaa.com,Nykaa,Partnership Manager,+91-22-6742-1000,"Indian e-commerce platform specializing in beauty, wellness, and fashion products with omnichannel retail presence.",technology,https://nykaa.com,"E-commerce,Beauty Tech,Omnichannel Retail,Fashion Technology",true,active,2025-01-01T11:30:00Z,2025-01-02T15:30:00Z,India
John Doe,john.doe@mailmodo.com,Mailmodo,Partnership Manager,+91-11-4001-5000,"Indian email marketing automation platform that helps businesses create AMP emails and boost engagement.",technology,https://mailmodo.com,"Email Marketing,Marketing Automation,AMP Emails,Customer Engagement",true,active,2025-01-15T10:00:00Z,2025-01-16T14:30:00Z,India
John Doe,john.doe@brevo.com,Brevo,Partnership Manager,+1-555-0002,"Email marketing platform providing comprehensive email marketing and automation solutions.",technology,https://brevo.com,"Email Marketing,Marketing Automation,SMS Marketing",true,active,2025-01-10T09:15:00Z,2025-01-12T11:45:00Z,France
John Doe,john.doe@sendgrid.com,SendGrid,Partnership Manager,+1-555-0003,"Email delivery and marketing campaigns platform for reliable email infrastructure.",technology,https://sendgrid.com,"Email Delivery,Marketing Campaigns,Email API",false,active,2025-01-08T16:20:00Z,2025-01-10T09:30:00Z,USA
John Doe,john.doe@customer.io,Customer.io,Partnership Manager,+1-555-0006,"Customer engagement platform for data-driven email, push, and SMS messaging.",technology,https://customer.io,"Customer Engagement,Email Automation,Behavioral Messaging",false,approved,2025-01-18T14:00:00Z,2025-01-19T16:30:00Z,USA
John Doe,john.doe@firebase.google.com,Firebase Cloud Messaging,Partnership Manager,+1-555-0007,"Mobile and web push notifications service by Google for cross-platform messaging.",technology,https://firebase.google.com,"Push Notifications,Mobile Messaging,Cross-platform",true,active,2025-01-22T11:00:00Z,2025-01-23T15:45:00Z,USA
John Doe,john.doe@linkedin.com,LinkedIn Ads,Partnership Manager,+1-555-0008,"Professional network advertising platform for B2B marketing and lead generation.",technology,https://business.linkedin.com,"B2B Advertising,Lead Generation,Professional Targeting",false,approved,2025-01-25T09:30:00Z,2025-01-26T14:00:00Z,USA
John Doe,john.doe@google.com,Google Ads,Partnership Manager,+1-555-0009,"Search and display advertising platform for comprehensive digital marketing campaigns.",technology,https://ads.google.com,"Search Advertising,Display Ads,Video Advertising",true,active,2025-01-28T10:00:00Z,2025-01-29T15:30:00Z,USA
John Doe,john.doe@facebook.com,Facebook Ads,Partnership Manager,+1-555-0010,"Social media advertising platform for targeted marketing across Facebook and Instagram.",technology,https://business.facebook.com,"Social Media Advertising,Audience Targeting,Creative Tools",false,active,2025-01-30T11:15:00Z,2025-01-31T16:45:00Z,USA
John Doe,john.doe@reddit.com,Reddit Ads,Partnership Manager,+1-555-0011,"Social media advertising platform for community-based marketing and engagement.",technology,https://ads.reddit.com,"Community Advertising,Social Marketing,Audience Engagement",true,pending,2025-02-01T09:30:00Z,,USA
John Doe,john.doe@twitter.com,Twitter Ads,Partnership Manager,+1-555-0012,"Social media advertising platform for real-time marketing and brand engagement.",technology,https://ads.twitter.com,"Social Media Advertising,Real-time Marketing,Brand Engagement",false,pending,2025-02-02T14:20:00Z,,USA
John Doe,john.doe@youtube.com,YouTube Ads,Partnership Manager,+1-555-0013,"Video advertising platform for comprehensive video marketing campaigns.",technology,https://ads.youtube.com,"Video Advertising,YouTube Marketing,Content Promotion",true,approved,2025-02-03T08:45:00Z,2025-02-04T12:30:00Z,USA
John Doe,john.doe@adroll.com,AdRoll,Partnership Manager,+1-555-0014,"Retargeting and display advertising platform for comprehensive digital marketing.",technology,https://adroll.com,"Retargeting,Display Advertising,Cross-platform Marketing",false,approved,2025-02-05T13:15:00Z,2025-02-06T17:00:00Z,USA
John Doe,john.doe@taboola.com,Taboola,Partnership Manager,+1-555-0015,"Content discovery and native advertising platform for audience engagement.",technology,https://taboola.com,"Native Advertising,Content Discovery,Audience Engagement",true,active,2025-02-07T10:30:00Z,2025-02-08T14:45:00Z,Israel
John Doe,john.doe@outbrain.com,Outbrain,Partnership Manager,+1-555-0016,"Content recommendation and native advertising platform for content marketing.",technology,https://outbrain.com,"Content Recommendation,Native Advertising,Content Marketing",false,pending,2025-02-09T11:45:00Z,,USA
John Doe,john.doe@instapage.com,Instapage,Partnership Manager,+1-555-0017,"Landing page builder platform for conversion optimization and marketing campaigns.",technology,https://instapage.com,"Landing Pages,Conversion Optimization,A/B Testing",true,approved,2025-02-10T09:00:00Z,2025-02-11T13:30:00Z,USA
John Doe,john.doe@unbounce.com,Unbounce,Partnership Manager,+1-555-0018,"Landing page optimization platform for high-converting marketing campaigns.",technology,https://unbounce.com,"Landing Page Optimization,Conversion Rate Optimization,Marketing Tools",false,active,2025-02-12T15:20:00Z,2025-02-13T18:45:00Z,Canada
John Doe,john.doe@leadpages.com,Leadpages,Partnership Manager,+1-555-0019,"Landing page creation platform for lead generation and conversion optimization.",technology,https://leadpages.com,"Landing Page Creation,Lead Generation,Conversion Tools",true,approved,2025-02-14T08:30:00Z,2025-02-15T12:15:00Z,USA
John Doe,john.doe@strapi.io,Strapi,Partnership Manager,+1-555-0020,"Open-source headless CMS for flexible content management and API-first development.",technology,https://strapi.io,"Headless CMS,Content Management,API Development",false,active,2025-02-16T14:10:00Z,2025-02-17T16:30:00Z,France
John Doe,john.doe@ghost.org,Ghost,Partnership Manager,+1-555-0021,"Blogging platform for professional publishing and content management.",technology,https://ghost.org,"Blogging Platform,Content Publishing,Newsletter Management",true,approved,2025-02-18T10:45:00Z,2025-02-19T14:20:00Z,UK
John Doe,john.doe@contentstack.com,ContentStack,Partnership Manager,+1-555-0022,"Headless CMS for content management and digital experience delivery.",technology,https://contentstack.com,"Headless CMS,Content Management,Digital Experience",false,pending,2025-02-20T12:30:00Z,,USA
John Doe,john.doe@contentful.com,Contentful,Partnership Manager,+1-555-0023,"Headless CMS platform for content management and digital experience creation.",technology,https://contentful.com,"Headless CMS,Content Management,API-first CMS",true,active,2025-02-21T09:15:00Z,2025-02-22T13:45:00Z,Germany
John Doe,john.doe@sanity.io,Sanity,Partnership Manager,+1-555-0024,"Headless CMS for structured content management and real-time collaboration.",technology,https://sanity.io,"Headless CMS,Structured Content,Real-time Collaboration",false,approved,2025-02-23T11:00:00Z,2025-02-24T15:30:00Z,Norway
John Doe,john.doe@prismic.io,Prismic,Partnership Manager,+1-555-0025,"Headless CMS for content management and website development.",technology,https://prismic.io,"Headless CMS,Content Management,Website Development",true,pending,2025-02-25T13:20:00Z,,France
John Doe,john.doe@amplitude.com,Amplitude,Partnership Manager,+1-555-0026,"Product analytics and user engagement platform for data-driven insights.",technology,https://amplitude.com,"Product Analytics,User Engagement,Data Analytics",false,active,2025-02-26T08:45:00Z,2025-02-27T12:30:00Z,USA
John Doe,john.doe@google.com,Google Analytics,Partnership Manager,+1-555-0027,"Website analytics integration platform for comprehensive web analytics.",technology,https://analytics.google.com,"Website Analytics,Traffic Analysis,Conversion Tracking",true,active,2025-02-28T10:30:00Z,2025-03-01T14:15:00Z,USA
John Doe,john.doe@hotjar.com,Hotjar,Partnership Manager,+1-555-0028,"Heatmaps and user behavior analytics platform for website optimization.",technology,https://hotjar.com,"Heatmaps,User Behavior Analytics,Website Optimization",false,approved,2025-03-02T12:15:00Z,2025-03-03T16:45:00Z,Malta
John Doe,john.doe@mixpanel.com,Mixpanel,Partnership Manager,+1-555-0029,"Product analytics and user tracking platform for mobile and web applications.",technology,https://mixpanel.com,"Product Analytics,User Tracking,Event Analytics",true,pending,2025-03-04T09:30:00Z,,USA
John Doe,john.doe@segment.com,Segment,Partnership Manager,+1-555-0030,"Customer data platform for data collection and integration across tools.",technology,https://segment.com,"Customer Data Platform,Data Integration,Analytics Infrastructure",false,approved,2025-03-05T11:45:00Z,2025-03-06T15:20:00Z,USA
John Doe,john.doe@tableau.com,Tableau,Partnership Manager,+1-555-0031,"Business intelligence and data visualization platform for analytics insights.",technology,https://tableau.com,"Business Intelligence,Data Visualization,Analytics Dashboards",true,active,2025-03-07T13:00:00Z,2025-03-08T17:30:00Z,USA
John Doe,john.doe@seobot.ai,SeoBot.ai,Partnership Manager,+1-555-0032,"AI-powered SEO optimization tool for automated search engine optimization.",technology,https://seobot.ai,"AI SEO,Search Optimization,Automated SEO",false,pending,2025-03-09T08:15:00Z,,USA
John Doe,john.doe@semrush.com,SEMrush,Partnership Manager,+1-555-0033,"All-in-one SEO platform for comprehensive search engine optimization.",technology,https://semrush.com,"SEO Platform,Keyword Research,Competitive Analysis",true,active,2025-03-10T10:45:00Z,2025-03-11T14:30:00Z,USA
John Doe,john.doe@ahrefs.com,Ahrefs,Partnership Manager,+1-555-0034,"SEO toolset for backlink analysis and keyword research optimization.",technology,https://ahrefs.com,"SEO Tools,Backlink Analysis,Keyword Research",false,approved,2025-03-12T12:30:00Z,2025-03-13T16:15:00Z,Singapore
John Doe,john.doe@moz.com,Moz,Partnership Manager,+1-555-0035,"SEO software and link building tools for search engine optimization.",technology,https://moz.com,"SEO Software,Link Building,Search Optimization",true,pending,2025-03-14T09:00:00Z,,USA
John Doe,john.doe@screamingfrog.co.uk,Screaming Frog,Partnership Manager,+1-555-0036,"SEO spider tool for website analysis and technical SEO optimization.",technology,https://screamingfrog.co.uk,"SEO Spider,Website Analysis,Technical SEO",false,approved,2025-03-15T11:30:00Z,2025-03-16T15:45:00Z,UK
John Doe,john.doe@google.com,Google Search Console,Partnership Manager,+1-555-0037,"Website performance and SEO insights platform by Google.",technology,https://search.google.com,"SEO Insights,Website Performance,Search Analytics",true,active,2025-03-17T13:15:00Z,2025-03-18T17:00:00Z,USA
John Doe,john.doe@gtmetrix.com,GTmetrix,Partnership Manager,+1-555-0038,"Website performance analysis platform for speed optimization.",technology,https://gtmetrix.com,"Website Performance,Speed Analysis,Performance Optimization",false,approved,2025-03-19T08:45:00Z,2025-03-20T12:30:00Z,Canada
John Doe,john.doe@developers.google.com,Lighthouse,Partnership Manager,+1-555-0039,"Website performance and SEO auditing tool by Google for optimization insights.",technology,https://developers.google.com/web/tools/lighthouse,"Performance Auditing,SEO Analysis,Web Optimization",true,pending,2025-03-21T10:30:00Z,,USA
John Doe,john.doe@sandesh.com,Sandesh,Partnership Manager,+91-80-4719-5000,"Indian messaging platform for team communication and collaboration with focus on privacy and security.",technology,https://sandesh.com,"Team Communication,Messaging Platform,Privacy-focused Communication,Made in India",false,active,2025-03-22T12:15:00Z,2025-03-23T16:45:00Z,India
John Doe,john.doe@google.com,Google Chat,Partnership Manager,+1-555-0041,"Team communication and collaboration platform by Google Workspace.",technology,https://chat.google.com,"Team Communication,Collaboration,Google Workspace",true,approved,2025-03-24T09:30:00Z,2025-03-25T13:15:00Z,USA
John Doe,john.doe@arratai.com,Arratai,Partnership Manager,+91-80-4719-6000,"Indian team communication and collaboration platform with advanced project management features.",technology,https://arratai.com,"Team Communication,Project Management,Collaboration Tools,Made in India",false,pending,2025-03-26T11:45:00Z,,India
John Doe,john.doe@google.com,Google Meet,Partnership Manager,+1-555-0043,"Video conferencing platform by Google for virtual meetings and collaboration.",technology,https://meet.google.com,"Video Conferencing,Virtual Meetings,Google Workspace",true,active,2025-03-27T13:30:00Z,2025-03-28T17:15:00Z,USA
John Doe,john.doe@zoom.us,Zoom,Partnership Manager,+1-555-0044,"Video conferencing and webinars platform for virtual communication.",technology,https://zoom.us,"Video Conferencing,Webinars,Virtual Communication",false,approved,2025-03-29T08:00:00Z,2025-03-30T12:45:00Z,USA
John Doe,john.doe@microsoft.com,Microsoft Teams,Partnership Manager,+1-555-0045,"Collaboration and communication platform by Microsoft for team productivity.",technology,https://teams.microsoft.com,"Team Collaboration,Communication,Microsoft 365",true,active,2025-03-31T10:15:00Z,2025-04-01T14:30:00Z,USA
John Doe,john.doe@discord.com,Discord,Partnership Manager,+1-555-0046,"Community and team communication platform for voice, video, and text chat.",technology,https://discord.com,"Community Communication,Voice Chat,Team Collaboration",false,pending,2025-04-02T12:00:00Z,,USA
John Doe,john.doe@slack.com,Slack,Partnership Manager,+1-555-0047,"Team communication and notifications platform for workplace collaboration.",technology,https://slack.com,"Team Communication,Workplace Collaboration,Notifications",true,approved,2025-04-03T09:45:00Z,2025-04-04T13:30:00Z,USA
John Doe,john.doe@freshdesk.com,Freshdesk,Partnership Manager,+91-44-6741-2000,"Indian customer support software for helpdesk and customer service management with AI-powered automation.",technology,https://freshdesk.com,"Customer Support,Helpdesk Software,AI Automation,Made in India",false,active,2025-04-05T11:30:00Z,2025-04-06T15:15:00Z,India
John Doe,john.doe@hubspot.com,HubSpot Service Hub,Partnership Manager,+1-555-0049,"Customer service platform integrated with HubSpot CRM for support management.",technology,https://hubspot.com,"Customer Service,Support Management,CRM Integration",true,active,2025-04-07T13:15:00Z,2025-04-08T17:00:00Z,USA
John Doe,john.doe@intercom.com,Intercom,Partnership Manager,+1-555-0050,"Customer messaging and support platform for conversational customer service.",technology,https://intercom.com,"Customer Messaging,Live Chat,Customer Support",false,approved,2025-04-09T08:30:00Z,2025-04-10T12:15:00Z,USA
John Doe,john.doe@zendesk.com,Zendesk,Partnership Manager,+1-555-0051,"Customer support and ticketing platform for comprehensive customer service.",technology,https://zendesk.com,"Customer Support,Ticketing System,Help Desk",true,pending,2025-04-11T10:45:00Z,,USA
John Doe,john.doe@drift.com,Drift,Partnership Manager,+1-555-0052,"Conversational marketing and sales platform for customer engagement.",technology,https://drift.com,"Conversational Marketing,Live Chat,Sales Automation",false,approved,2025-04-12T12:30:00Z,2025-04-13T16:45:00Z,USA
John Doe,john.doe@tawk.to,Tawk.to,Partnership Manager,+1-555-0053,"Live chat support platform for customer service and website engagement.",technology,https://tawk.to,"Live Chat,Customer Support,Website Engagement",true,active,2025-04-14T09:15:00Z,2025-04-15T13:00:00Z,UK
John Doe,john.doe@perplexity.ai,Perplexity AI,Partnership Manager,+1-555-0054,"Conversational AI platform for intelligent question answering and research.",technology,https://perplexity.ai,"Conversational AI,Question Answering,AI Research",false,pending,2025-04-16T11:00:00Z,,USA
John Doe,john.doe@anthropic.com,Claude,Partnership Manager,+1-555-0055,"AI language model for conversational interfaces and intelligent automation.",technology,https://anthropic.com,"AI Language Model,Conversational AI,Intelligent Automation",true,approved,2025-04-17T13:45:00Z,2025-04-18T17:30:00Z,USA
John Doe,john.doe@openai.com,ChatGPT,Partnership Manager,+1-555-0056,"AI language model for conversational interfaces and content generation.",technology,https://openai.com,"AI Language Model,Conversational AI,Content Generation",false,active,2025-04-19T08:15:00Z,2025-04-20T12:00:00Z,USA
John Doe,john.doe@botpress.com,Botpress,Partnership Manager,+1-555-0057,"Open-source chatbot framework for building conversational AI applications.",technology,https://botpress.com,"Chatbot Framework,Conversational AI,Open Source",true,pending,2025-04-21T10:30:00Z,,Canada
John Doe,john.doe@rasa.com,Rasa,Partnership Manager,+1-555-0058,"Open-source conversational AI platform for building intelligent chatbots.",technology,https://rasa.com,"Conversational AI,Chatbot Platform,Open Source",false,approved,2025-04-22T12:15:00Z,2025-04-23T16:00:00Z,Germany
John Doe,john.doe@zapier.com,Zapier,Partnership Manager,+1-555-0059,"Workflow automation and app connections platform for productivity enhancement.",technology,https://zapier.com,"Workflow Automation,App Integration,Productivity Tools",true,active,2025-04-24T09:00:00Z,2025-04-25T13:45:00Z,USA
John Doe,john.doe@make.com,Integromat (Make),Partnership Manager,+1-555-0060,"Advanced automation platform for complex workflow automation and integration.",technology,https://make.com,"Advanced Automation,Workflow Integration,Complex Automations",false,approved,2025-04-26T11:45:00Z,2025-04-27T15:30:00Z,Czech Republic
John Doe,john.doe@hubspot.com,PieSync (HubSpot),Partnership Manager,+1-555-0061,"Contact synchronization platform integrated with HubSpot for data management.",technology,https://hubspot.com,"Contact Synchronization,Data Management,HubSpot Integration",true,pending,2025-04-28T13:30:00Z,,Belgium
John Doe,john.doe@hubspot.com,HubSpot CRM,Partnership Manager,+1-555-0062,"Customer relationship management platform for sales and marketing automation.",technology,https://hubspot.com,"CRM,Sales Automation,Marketing Automation",false,active,2025-04-29T08:45:00Z,2025-04-30T12:30:00Z,USA
John Doe,john.doe@freshsales.com,FreshSales,Partnership Manager,+91-44-6741-3000,"Indian sales CRM platform for lead management and sales automation with AI-powered insights.",technology,https://freshsales.com,"Sales CRM,Lead Management,AI Sales Insights,Made in India",true,approved,2025-05-01T10:15:00Z,2025-05-02T14:00:00Z,India
John Doe,john.doe@close.io,Close.io,Partnership Manager,+1-555-0065,"Sales CRM and communication platform for inside sales teams.",technology,https://close.io,"Sales CRM,Inside Sales,Communication Platform",true,approved,2025-05-04T09:30:00Z,2025-05-05T13:15:00Z,USA
John Doe,john.doe@salesforce.com,Salesforce,Partnership Manager,+1-555-0066,"CRM integration platform for comprehensive customer relationship management.",technology,https://salesforce.com,"CRM Integration,Customer Management,Sales Automation",false,active,2025-05-06T11:15:00Z,2025-05-07T15:00:00Z,USA
John Doe,john.doe@pipedrive.com,Pipedrive,Partnership Manager,+1-555-0067,"Sales CRM integration platform for pipeline management and sales tracking.",technology,https://pipedrive.com,"Sales CRM,Pipeline Management,Sales Tracking",true,pending,2025-05-08T13:00:00Z,,Estonia
John Doe,john.doe@linkedin.com,LinkedIn Sales Navigator,Partnership Manager,+1-555-0068,"Social selling integration platform for B2B sales and lead generation.",technology,https://business.linkedin.com,"Social Selling,B2B Sales,Lead Generation",false,approved,2025-05-09T08:30:00Z,2025-05-10T12:45:00Z,USA
John Doe,john.doe@outreach.io,Outreach,Partnership Manager,+1-555-0069,"Sales engagement platform for sales automation and communication.",technology,https://outreach.io,"Sales Engagement,Sales Automation,Communication Platform",true,active,2025-05-11T10:45:00Z,2025-05-12T14:30:00Z,USA
John Doe,john.doe@salesloft.com,SalesLoft,Partnership Manager,+1-555-0070,"Sales development platform for sales engagement and automation.",technology,https://salesloft.com,"Sales Development,Sales Engagement,Sales Automation",false,approved,2025-05-13T12:30:00Z,2025-05-14T16:15:00Z,USA
John Doe,john.doe@shopify.com,Shopify,Partnership Manager,+1-555-0071,"E-commerce platform integration for online store management and sales.",technology,https://shopify.com,"E-commerce Platform,Online Store,Sales Management",true,pending,2025-05-15T09:15:00Z,,Canada
John Doe,john.doe@woocommerce.com,WooCommerce,Partnership Manager,+1-555-0072,"WordPress e-commerce integration for online store development.",technology,https://woocommerce.com,"WordPress E-commerce,Online Store,E-commerce Integration",false,approved,2025-05-16T11:00:00Z,2025-05-17T15:45:00Z,USA
John Doe,john.doe@bigcommerce.com,BigCommerce,Partnership Manager,+1-555-0073,"E-commerce platform for comprehensive online store solutions.",technology,https://bigcommerce.com,"E-commerce Platform,Online Store,E-commerce Solutions",true,active,2025-05-18T13:45:00Z,2025-05-19T17:30:00Z,Australia
John Doe,john.doe@dodo.com,Dodo,Partnership Manager,+1-555-0074,"E-commerce platform for modern online store management and sales.",technology,https://dodo.com,"E-commerce Platform,Online Store,Modern Commerce",false,pending,2025-05-20T08:00:00Z,,USA
John Doe,john.doe@paddle.com,Paddle,Partnership Manager,+1-555-0075,"Payment processing platform for subscription billing and revenue management.",technology,https://paddle.com,"Payment Processing,Subscription Billing,Revenue Management",true,approved,2025-05-21T10:30:00Z,2025-05-22T14:15:00Z,UK
John Doe,john.doe@stripe.com,Stripe,Partnership Manager,+1-555-0076,"Payment processing platform for online payments and financial infrastructure.",technology,https://stripe.com,"Payment Processing,Online Payments,Financial Infrastructure",false,active,2025-05-23T12:15:00Z,2025-05-24T16:00:00Z,USA
John Doe,john.doe@paypal.com,PayPal,Partnership Manager,+1-555-0077,"Payment gateway integration for online payments and e-commerce transactions.",technology,https://paypal.com,"Payment Gateway,Online Payments,E-commerce Transactions",true,approved,2025-05-25T09:45:00Z,2025-05-26T13:30:00Z,USA
John Doe,john.doe@hootsuite.com,Hootsuite,Partnership Manager,+1-555-0078,"Social media management platform for content scheduling and social marketing.",technology,https://hootsuite.com,"Social Media Management,Content Scheduling,Social Marketing",false,pending,2025-05-27T11:30:00Z,,Canada
John Doe,john.doe@buffer.com,Buffer,Partnership Manager,+1-555-0079,"Social media scheduling platform for content management and social marketing.",technology,https://buffer.com,"Social Media Scheduling,Content Management,Social Marketing",true,approved,2025-05-28T13:15:00Z,2025-05-29T17:00:00Z,USA
John Doe,john.doe@canva.com,Canva,Partnership Manager,+1-555-0080,"Design and content creation platform for visual marketing and branding.",technology,https://canva.com,"Design Platform,Content Creation,Visual Marketing",false,active,2025-05-30T08:45:00Z,2025-05-31T12:30:00Z,Australia
John Doe,john.doe@youtube.com,YouTube,Partnership Manager,+1-555-0081,"Video content integration platform for video marketing and content distribution.",technology,https://youtube.com,"Video Content,Video Marketing,Content Distribution",true,pending,2025-06-01T10:00:00Z,,USA
John Doe,john.doe@youform.com,YouForm,Partnership Manager,+1-555-0082,"Online form builder platform for lead generation and data collection.",technology,https://youform.com,"Form Builder,Lead Generation,Data Collection",false,approved,2025-06-02T12:45:00Z,2025-06-03T16:30:00Z,USA
John Doe,john.doe@typeform.com,Typeform,Partnership Manager,+1-555-0083,"Interactive form and survey builder for engaging data collection.",technology,https://typeform.com,"Interactive Forms,Survey Builder,Data Collection",true,active,2025-06-04T09:30:00Z,2025-06-05T13:15:00Z,Spain
John Doe,john.doe@runpod.io,Runpod,Partnership Manager,+1-555-0084,"Cloud-based development environment for scalable computing and AI workloads.",technology,https://runpod.io,"Cloud Development,Scalable Computing,AI Workloads",false,pending,2025-06-06T11:15:00Z,,USA
John Doe,john.doe@netlify.com,Netlify,Partnership Manager,+1-555-0085,"Static site hosting and deployment platform for modern web development.",technology,https://netlify.com,"Static Site Hosting,Web Deployment,Modern Web Development",true,approved,2025-06-07T13:00:00Z,2025-06-08T17:45:00Z,USA
John Doe,john.doe@supabase.io,Supabase,Partnership Manager,+1-555-0086,"Open-source Firebase alternative for database and authentication services.",technology,https://supabase.io,"Database,Authentication,Open Source Firebase",false,active,2025-06-09T08:15:00Z,2025-06-10T12:00:00Z,Singapore
John Doe,john.doe@nextjs.org,Next.js,Partnership Manager,+1-555-0087,"React framework for server-side rendering and modern web application development.",technology,https://nextjs.org,"React Framework,Server-side Rendering,Web Development",true,approved,2025-06-11T10:45:00Z,2025-06-12T14:30:00Z,USA
John Doe,john.doe@reactjs.org,React,Partnership Manager,+1-555-0088,"JavaScript library for building user interfaces and interactive web applications.",technology,https://reactjs.org,"JavaScript Library,User Interfaces,Web Applications",false,pending,2025-06-13T12:30:00Z,,USA
John Doe,john.doe@bolt.new,Bolt.engine,Partnership Manager,+1-555-0089,"Low-code development platform for rapid application development and deployment.",technology,https://bolt.new,"Low-code Development,Rapid Development,Application Platform",true,approved,2025-06-14T09:00:00Z,2025-06-15T13:45:00Z,USA
John Doe,john.doe@kilo.com,Kilo,Partnership Manager,+1-555-0090,"Development environment and collaboration platform for team productivity.",technology,https://kilo.com,"Development Environment,Team Collaboration,Developer Tools",false,active,2025-06-16T11:30:00Z,2025-06-17T15:15:00Z,USA
John Doe,john.doe@github.com,GitHub,Partnership Manager,+1-555-0091,"Version control and collaboration platform for software development and code management.",technology,https://github.com,"Version Control,Code Collaboration,Software Development",true,active,2025-06-18T13:15:00Z,2025-06-19T17:00:00Z,USA
John Doe,john.doe@gitlab.com,GitLab,Partnership Manager,+1-555-0092,"DevOps platform for version control, CI/CD, and project management.",technology,https://gitlab.com,"DevOps Platform,Version Control,CI/CD",false,approved,2025-06-20T08:30:00Z,2025-06-21T12:15:00Z,USA
John Doe,john.doe@bitbucket.org,Bitbucket,Partnership Manager,+1-555-0093,"Git repository management and collaboration platform for development teams.",technology,https://bitbucket.org,"Git Repository,Code Collaboration,Development Teams",true,pending,2025-06-22T10:45:00Z,,Australia
John Doe,john.doe@vercel.com,Vercel,Partnership Manager,+1-555-0094,"Frontend deployment platform for modern web applications and static sites.",technology,https://vercel.com,"Frontend Deployment,Web Applications,Static Sites",false,active,2025-06-23T12:30:00Z,2025-06-24T16:15:00Z,USA
John Doe,john.doe@railway.app,Railway,Partnership Manager,+1-555-0095,"Cloud deployment platform for full-stack applications and databases.",technology,https://railway.app,"Cloud Deployment,Full-stack Applications,Database Hosting",true,approved,2025-06-25T09:15:00Z,2025-06-26T13:00:00Z,USA
John Doe,john.doe@render.com,Render,Partnership Manager,+1-555-0096,"Cloud platform for hosting web applications, APIs, and static sites.",technology,https://render.com,"Cloud Hosting,Web Applications,API Hosting",false,pending,2025-06-27T11:00:00Z,,USA
John Doe,john.doe@heroku.com,Heroku,Partnership Manager,+1-555-0097,"Cloud application platform for deploying and scaling web applications.",technology,https://heroku.com,"Cloud Platform,Application Deployment,Web Scaling",true,approved,2025-06-28T13:45:00Z,2025-06-29T17:30:00Z,USA
John Doe,john.doe@aws.amazon.com,AWS,Partnership Manager,+1-555-0098,"Cloud computing platform for comprehensive cloud infrastructure and services.",technology,https://aws.amazon.com,"Cloud Computing,Infrastructure,Cloud Services",false,active,2025-06-30T08:00:00Z,2025-07-01T12:45:00Z,USA
John Doe,john.doe@cloud.google.com,Google Cloud,Partnership Manager,+1-555-0099,"Cloud computing platform for scalable infrastructure and AI services.",technology,https://cloud.google.com,"Cloud Computing,Scalable Infrastructure,AI Services",true,approved,2025-07-02T10:30:00Z,2025-07-03T14:15:00Z,USA
John Doe,john.doe@azure.microsoft.com,Microsoft Azure,Partnership Manager,+1-555-0100,"Cloud computing platform for enterprise applications and services.",technology,https://azure.microsoft.com,"Cloud Computing,Enterprise Applications,Cloud Services",false,pending,2025-07-04T12:15:00Z,,USA
John Doe,john.doe@digitalocean.com,DigitalOcean,Partnership Manager,+1-555-0101,"Cloud infrastructure platform for developers and small businesses.",technology,https://digitalocean.com,"Cloud Infrastructure,Developer Platform,Small Business",true,active,2025-07-05T09:00:00Z,2025-07-06T13:45:00Z,USA
John Doe,john.doe@linode.com,Linode,Partnership Manager,+1-555-0102,"Cloud computing platform for high-performance applications and infrastructure.",technology,https://linode.com,"Cloud Computing,High Performance,Infrastructure",false,approved,2025-07-07T11:45:00Z,2025-07-08T15:30:00Z,USA
John Doe,john.doe@vultr.com,Vultr,Partnership Manager,+1-555-0103,"Cloud infrastructure platform for global deployment and high performance.",technology,https://vultr.com,"Cloud Infrastructure,Global Deployment,High Performance",true,pending,2025-07-09T13:30:00Z,,USA
John Doe,john.doe@cloudflare.com,Cloudflare,Partnership Manager,+1-555-0104,"CDN and security platform for website performance and protection.",technology,https://cloudflare.com,"CDN,Website Security,Performance Optimization",false,active,2025-07-10T08:15:00Z,2025-07-11T12:00:00Z,USA
John Doe,john.doe@fastly.com,Fastly,Partnership Manager,+1-555-0105,"Edge cloud platform for content delivery and application acceleration.",technology,https://fastly.com,"Edge Cloud,Content Delivery,Application Acceleration",true,approved,2025-07-12T10:45:00Z,2025-07-13T14:30:00Z,USA
John Doe,john.doe@auth0.com,Auth0,Partnership Manager,+1-555-0106,"Identity and access management platform for secure authentication.",technology,https://auth0.com,"Identity Management,Authentication,Access Control",false,pending,2025-07-14T12:30:00Z,,USA
John Doe,john.doe@okta.com,Okta,Partnership Manager,+1-555-0107,"Identity and access management platform for enterprise security.",technology,https://okta.com,"Identity Management,Enterprise Security,Access Management",true,approved,2025-07-15T09:15:00Z,2025-07-16T13:00:00Z,USA
John Doe,john.doe@1password.com,1Password,Partnership Manager,+1-555-0108,"Password management and security platform for teams and individuals.",technology,https://1password.com,"Password Management,Security,Team Collaboration",false,active,2025-07-17T11:30:00Z,2025-07-18T15:15:00Z,Canada
John Doe,john.doe@bitwarden.com,Bitwarden,Partnership Manager,+1-555-0109,"Open-source password management platform for secure credential storage.",technology,https://bitwarden.com,"Password Management,Open Source,Credential Security",true,pending,2025-07-19T13:15:00Z,,USA
John Doe,john.doe@lastpass.com,LastPass,Partnership Manager,+1-555-0110,"Password management platform for secure password storage and sharing.",technology,https://lastpass.com,"Password Management,Secure Storage,Password Sharing",false,approved,2025-07-20T08:45:00Z,2025-07-21T12:30:00Z,USA
John Doe,john.doe@dashlane.com,Dashlane,Partnership Manager,+1-555-0111,"Password management and digital wallet platform for online security.",technology,https://dashlane.com,"Password Management,Digital Wallet,Online Security",true,active,2025-07-22T10:00:00Z,2025-07-23T14:45:00Z,France
John Doe,john.doe@nordpass.com,NordPass,Partnership Manager,+1-555-0112,"Password management platform for secure credential storage and sharing.",technology,https://nordpass.com,"Password Management,Credential Security,Secure Sharing",false,approved,2025-07-24T12:45:00Z,2025-07-25T16:30:00Z,Lithuania
John Doe,john.doe@keeper.io,Keeper,Partnership Manager,+1-555-0113,"Password management and cybersecurity platform for enterprise security.",technology,https://keeper.io,"Password Management,Cybersecurity,Enterprise Security",true,pending,2025-07-26T09:30:00Z,,USA
John Doe,john.doe@nordvpn.com,NordVPN,Partnership Manager,+1-555-0114,"VPN service for online privacy and security protection.",technology,https://nordvpn.com,"VPN Service,Online Privacy,Security Protection",false,approved,2025-07-27T11:15:00Z,2025-07-28T15:00:00Z,Panama
John Doe,john.doe@expressvpn.com,ExpressVPN,Partnership Manager,+1-555-0115,"VPN service for secure internet browsing and privacy protection.",technology,https://expressvpn.com,"VPN Service,Secure Browsing,Privacy Protection",true,active,2025-07-29T13:00:00Z,2025-07-30T17:45:00Z,British Virgin Islands
John Doe,john.doe@surfshark.com,Surfshark,Partnership Manager,+1-555-0116,"VPN service for online privacy and unlimited device protection.",technology,https://surfshark.com,"VPN Service,Online Privacy,Device Protection",false,pending,2025-07-31T08:30:00Z,,Netherlands
John Doe,john.doe@cyberghostvpn.com,CyberGhost VPN,Partnership Manager,+1-555-0117,"VPN service for anonymous browsing and online security.",technology,https://cyberghostvpn.com,"VPN Service,Anonymous Browsing,Online Security",true,approved,2025-08-01T10:15:00Z,2025-08-02T14:00:00Z,Romania
John Doe,john.doe@protonvpn.com,ProtonVPN,Partnership Manager,+1-555-0118,"Secure VPN service with privacy-focused features and encryption.",technology,https://protonvpn.com,"Secure VPN,Privacy Focus,Encryption",false,active,2025-08-03T12:00:00Z,2025-08-04T16:45:00Z,Switzerland
John Doe,john.doe@malwarebytes.com,Malwarebytes,Partnership Manager,+1-555-0119,"Anti-malware and cybersecurity platform for threat protection.",technology,https://malwarebytes.com,"Anti-malware,Cybersecurity,Threat Protection",true,approved,2025-08-05T09:45:00Z,2025-08-06T13:30:00Z,USA
John Doe,john.doe@norton.com,Norton,Partnership Manager,+1-555-0120,"Antivirus and cybersecurity platform for comprehensive protection.",technology,https://norton.com,"Antivirus,Cybersecurity,Comprehensive Protection",false,pending,2025-08-07T11:30:00Z,,USA
John Doe,john.doe@mcafee.com,McAfee,Partnership Manager,+1-555-0121,"Cybersecurity platform for antivirus and online protection.",technology,https://mcafee.com,"Cybersecurity,Antivirus,Online Protection",true,approved,2025-08-08T13:15:00Z,2025-08-09T17:00:00Z,USA
John Doe,john.doe@kaspersky.com,Kaspersky,Partnership Manager,+1-555-0122,"Cybersecurity and antivirus platform for advanced threat protection.",technology,https://kaspersky.com,"Cybersecurity,Antivirus,Advanced Protection",false,active,2025-08-10T08:00:00Z,2025-08-11T12:45:00Z,Russia
John Doe,john.doe@avast.com,Avast,Partnership Manager,+1-555-0123,"Antivirus and cybersecurity platform for digital security.",technology,https://avast.com,"Antivirus,Cybersecurity,Digital Security",true,pending,2025-08-12T10:30:00Z,,Czech Republic
John Doe,john.doe@avg.com,AVG,Partnership Manager,+1-555-0124,"Antivirus and internet security platform for online protection.",technology,https://avg.com,"Antivirus,Internet Security,Online Protection",false,approved,2025-08-13T12:15:00Z,2025-08-14T16:00:00Z,Czech Republic
John Doe,john.doe@bitdefender.com,Bitdefender,Partnership Manager,+1-555-0125,"Advanced cybersecurity platform for comprehensive threat protection.",technology,https://bitdefender.com,"Advanced Cybersecurity,Threat Protection,Security Platform",true,active,2025-08-15T09:00:00Z,2025-08-16T13:45:00Z,Romania
John Doe,john.doe@crowdstrike.com,CrowdStrike,Partnership Manager,+1-555-0126,"Endpoint security and threat intelligence platform for enterprise protection.",technology,https://crowdstrike.com,"Endpoint Security,Threat Intelligence,Enterprise Protection",false,approved,2025-08-17T11:45:00Z,2025-08-18T15:30:00Z,USA
John Doe,john.doe@sentinelone.com,SentinelOne,Partnership Manager,+1-555-0127,"AI-powered cybersecurity platform for autonomous threat detection.",technology,https://sentinelone.com,"AI Cybersecurity,Autonomous Detection,Threat Protection",true,pending,2025-08-19T13:30:00Z,,USA
John Doe,john.doe@paloaltonetworks.com,Palo Alto Networks,Partnership Manager,+1-555-0128,"Enterprise cybersecurity platform for network and cloud security.",technology,https://paloaltonetworks.com,"Enterprise Cybersecurity,Network Security,Cloud Security",false,approved,2025-08-20T08:15:00Z,2025-08-21T12:00:00Z,USA
John Doe,john.doe@fortinet.com,Fortinet,Partnership Manager,+1-555-0129,"Network security platform for comprehensive cybersecurity solutions.",technology,https://fortinet.com,"Network Security,Cybersecurity Solutions,Enterprise Protection",true,active,2025-08-22T10:45:00Z,2025-08-23T14:30:00Z,USA
John Doe,john.doe@checkpoint.com,Check Point,Partnership Manager,+1-555-0130,"Cybersecurity platform for threat prevention and network security.",technology,https://checkpoint.com,"Cybersecurity,Threat Prevention,Network Security",false,pending,2025-08-24T12:30:00Z,,Israel
John Doe,john.doe@sophos.com,Sophos,Partnership Manager,+1-555-0131,"Cybersecurity platform for endpoint and network protection.",technology,https://sophos.com,"Cybersecurity,Endpoint Protection,Network Security",true,approved,2025-08-25T09:15:00Z,2025-08-26T13:00:00Z,UK
John Doe,john.doe@trendmicro.com,Trend Micro,Partnership Manager,+1-555-0132,"Cybersecurity platform for cloud and enterprise security solutions.",technology,https://trendmicro.com,"Cybersecurity,Cloud Security,Enterprise Solutions",false,active,2025-08-27T11:30:00Z,2025-08-28T15:15:00Z,Japan
John Doe,john.doe@symantec.com,Symantec,Partnership Manager,+1-555-0133,"Enterprise cybersecurity platform for comprehensive threat protection.",technology,https://symantec.com,"Enterprise Cybersecurity,Threat Protection,Security Solutions",true,approved,2025-08-29T13:15:00Z,2025-08-30T17:00:00Z,USA
John Doe,john.doe@rapid7.com,Rapid7,Partnership Manager,+1-555-0134,"Security analytics and vulnerability management platform.",technology,https://rapid7.com,"Security Analytics,Vulnerability Management,Threat Detection",false,pending,2025-08-31T08:45:00Z,,USA
John Doe,john.doe@qualys.com,Qualys,Partnership Manager,+1-555-0135,"Cloud security and vulnerability management platform.",technology,https://qualys.com,"Cloud Security,Vulnerability Management,Security Assessment",true,approved,2025-09-01T10:00:00Z,2025-09-02T14:45:00Z,USA
John Doe,john.doe@tenable.com,Tenable,Partnership Manager,+1-555-0136,"Vulnerability management and cybersecurity platform for risk assessment.",technology,https://tenable.com,"Vulnerability Management,Cybersecurity,Risk Assessment",false,active,2025-09-03T12:45:00Z,2025-09-04T16:30:00Z,USA
John Doe,john.doe@nessus.org,Nessus,Partnership Manager,+1-555-0137,"Vulnerability scanner for security assessment and compliance.",technology,https://nessus.org,"Vulnerability Scanner,Security Assessment,Compliance",true,pending,2025-09-05T09:30:00Z,,USA
John Doe,john.doe@openvas.org,OpenVAS,Partnership Manager,+1-555-0138,"Open-source vulnerability scanner for security testing.",technology,https://openvas.org,"Open Source,Vulnerability Scanner,Security Testing",false,approved,2025-09-06T11:15:00Z,2025-09-07T15:00:00Z,Germany
John Doe,john.doe@nmap.org,Nmap,Partnership Manager,+1-555-0139,"Network discovery and security auditing tool for penetration testing.",technology,https://nmap.org,"Network Discovery,Security Auditing,Penetration Testing",true,active,2025-09-08T13:00:00Z,2025-09-09T17:45:00Z,USA
John Doe,john.doe@wireshark.org,Wireshark,Partnership Manager,+1-555-0140,"Network protocol analyzer for network troubleshooting and analysis.",technology,https://wireshark.org,"Network Analysis,Protocol Analyzer,Network Troubleshooting",false,approved,2025-09-10T08:30:00Z,2025-09-11T12:15:00Z,USA
John Doe,john.doe@metasploit.com,Metasploit,Partnership Manager,+1-555-0141,"Penetration testing framework for security assessment and exploitation.",technology,https://metasploit.com,"Penetration Testing,Security Assessment,Exploitation Framework",true,pending,2025-09-12T10:15:00Z,,USA
John Doe,john.doe@burpsuite.net,Burp Suite,Partnership Manager,+1-555-0142,"Web application security testing platform for vulnerability assessment.",technology,https://portswigger.net/burp,"Web Security Testing,Vulnerability Assessment,Application Security",false,approved,2025-09-13T12:00:00Z,2025-09-14T16:45:00Z,UK
John Doe,john.doe@owasp.org,OWASP ZAP,Partnership Manager,+1-555-0143,"Open-source web application security scanner for vulnerability testing.",technology,https://owasp.org/www-project-zap,"Open Source,Web Security,Vulnerability Testing",true,active,2025-09-15T09:45:00Z,2025-09-16T13:30:00Z,USA
John Doe,john.doe@kalilinux.org,Kali Linux,Partnership Manager,+1-555-0144,"Penetration testing and security auditing Linux distribution.",technology,https://kalilinux.org,"Penetration Testing,Security Auditing,Linux Distribution",false,pending,2025-09-17T11:30:00Z,,USA
John Doe,john.doe@parrotsec.org,Parrot Security OS,Partnership Manager,+1-555-0145,"Security-focused Linux distribution for penetration testing and forensics.",technology,https://parrotsec.org,"Security Linux,Penetration Testing,Digital Forensics",true,approved,2025-09-18T13:15:00Z,2025-09-19T17:00:00Z,Italy
John Doe,john.doe@blackarch.org,BlackArch Linux,Partnership Manager,+1-555-0146,"Penetration testing distribution with comprehensive security tools.",technology,https://blackarch.org,"Penetration Testing,Security Tools,Linux Distribution",false,active,2025-09-20T08:00:00Z,2025-09-21T12:45:00Z,USA
John Doe,john.doe@superblog.ai,SuperBlog,Partnership Manager,+1-555-0147,"AI-powered blogging platform for content creation and SEO optimization.",technology,https://superblog.ai,"AI Blogging,Content Creation,SEO Optimization",true,approved,2025-09-22T10:30:00Z,2025-09-23T14:15:00Z,USA
John Doe,john.doe@heygen.com,HeyGen,Partnership Manager,+1-555-0148,"AI video generation platform for creating personalized video content.",technology,https://heygen.com,"AI Video Generation,Personalized Content,Video Creation",false,active,2025-09-24T12:15:00Z,2025-09-25T16:00:00Z,USA